Name,Location,Category,Notes
Kanazawa Station,"Kanazawa Station, Kanazawa, Ishikawa, Japan",Transport,Arrive Nov 4 from Takayama (bus or train). Hokuriku Shinkansen to Tokyo Nov 7
Kenrokuen Garden,"Kenrokuen Garden, Kanazawa, Ishikawa, Japan",Sight,One of Japan's three great gardens. Best early morning. Yukitsuri rope-work should be up by Nov 6-7
Kanazawa Castle Park,"Kanazawa Castle Park, Kanazawa, Ishikawa, Japan",Sight,Next to Kenrokuen. Free to walk the grounds
21st Century Museum of Contemporary Art,"21st Century Museum of Contemporary Art, Kanazawa, Ishikawa, Japan",Sight,Next to Kenrokuen. Swimming Pool installation
Higashi Chaya District,"Higashi Chaya District, Kanazawa, Ishikawa, Japan",Sight,Geisha teahouse district. Tea houses and gold-leaf shops
Nagamachi Samurai District,"Nagamachi Samurai District, Kanazawa, Ishikawa, Japan",Sight,Preserved samurai residences and earthen walls. Near Korinbo
Omicho Market,"Omicho Market, Kanazawa, Ishikawa, Japan",Food,Kaisendon (seafood rice bowls). Snow crab season opens Nov 6
Korinbo Tree Fantasy Illumination,"Korinbo, Kanazawa, Ishikawa, Japan",Event,About 110000 LEDs on the zelkova trees. 5 PM to midnight. Free. Runs the whole stay
Sushi Kibatani,"Sushi Kibatani, Kanazawa, Ishikawa, Japan",Michelin,1 star. Dinner only. About 30000-40000 yen. 8-seat counter near Higashi Chaya. Check the pin location
Otome Sushi,"Otome Sushi, Kanazawa, Ishikawa, Japan",Michelin,2 stars. About 23000 yen dinner. Status unclear so call to confirm before counting on it. Check the pin location
Lodging area - Korinbo / Katamachi,"Katamachi, Kanazawa, Ishikawa, Japan",Lodging area,Recommended base. Central to Kenrokuen and Nagamachi and Omicho. Nov 4-7. Need a room for 3 from Nov 5
